item,refs,qty,subsystem,manufacturer,mpn_or_spec,description,rating_or_value,footprint_or_mount,procurement,status,unit_price_brl,subtotal_brl,verification
CTRL-001,MCU1,1,controller,Genérico confiável,ESP32-DEVKIT-30P-OR-38P,placa ESP32 DevKit com Wi-Fi,alimentação USB 5V e GPIO 3.3V,módulo removível,Mercado Livre/AliExpress/loja de robótica,VALIDAR,55,55,"conferir variante pinagem e boot cinco vezes com saídas desconectadas"
CTRL-002,K1,1,controller,Genérico confiável,RELAY-8CH-5V-3V3-COMPATIBLE,módulo relé de oito canais optoacoplado e ativo em LOW,contatos conforme carga e entrada compatível com 3.3V,caixa seca,Mercado Livre/AliExpress/loja de robótica,VALIDAR,40,40,"medir nível de disparo; usar seis canais e deixar dois desconectados"
CTRL-003,MD1-MD2,2,controller,Genérico confiável,MOSFET-4CH-LOGIC-PWM,módulo MOSFET lógico de quatro canais para carga DC,12V e corrente maior que a corrente de partida medida,módulo em caixa seca,Mercado Livre/AliExpress/loja de robótica,VALIDAR,25,50,"usar seis canais; confirmar desligado com GPIO flutuante e instalar fusível"
CTRL-004,PB1,1,controller,Genérico,PERFBOARD-TERMINAL-KIT,placa perfurada bornes resistores e conectores,passo 2.54mm e bornes para corrente medida,fundo de madeira/caixa,Mercado Livre/loja local,PLANEJADO,30,30,"soldar; não usar protoboard sem solda para operação permanente"
PWR-001,PSU1,1,power,Genérico com proteção,FONTE-12V-15A,fonte chaveada para bombas e relés,entrada local e saída 12V 15A ou maior,caixa seca ventilada,Mercado Livre/loja de eletrônica,VALIDAR,90,90,"somar corrente real e testar aquecimento por uma hora"
PWR-002,DC1,1,power,Genérico,BUCK-12V-5V-3A,conversor DC-DC para relés e lógica,entrada 12V saída ajustada 5.0V 3A,módulo em caixa seca,Mercado Livre/AliExpress/loja de robótica,VALIDAR,15,15,"ajustar para 5.0V antes de conectar ESP32 ou relé"
PWR-003,F1-F8,8,power,Genérico,FUSE-HOLDER-AUTOMOTIVE,porta-fusíveis e fusíveis para ramais DC,12V corrente por carga medida,em linha/MINI,Mercado Livre/loja automotiva,PLANEJADO,2.5,20,"um fusível por grupo; nunca substituir por valor maior sem medir"
ACT-001,PD1-PD6,6,dosing,Genérico,BOMBA-PERISTALTICA-12V-30-100ML-MIN,bomba peristáltica pequena com tubo substituível,12V até 0.6A e vazão nominal 30-100mL/min,prateleira de dosagem,Mercado Livre/AliExpress/loja de robótica,VALIDAR,55,330,"calibrar individualmente em dez ciclos e verificar compatibilidade do tubo"
ACT-002,PW1-PW3,3,hydraulic,Genérico,BOMBA-SUBMERSIVEL-12V,bombas de mistura irrigação e drenagem,12V e vazão/altura compatíveis com a instalação,reservatório/linha,Mercado Livre/AliExpress/loja de aquário,VALIDAR,25,75,"testar somente com água; medir vazão na altura real e impedir operação seca"
SEN-001,PH1,1,chemistry,Genérico,PH-ANALOG-BNC-0-3V3,kit sonda e interface analógica de pH com BNC,saída condicionada limitada a 0-3.3V,módulo na caixa seca,Mercado Livre/loja de robótica,VALIDAR,110,110,"medir tensão antes do ESP32 e calibrar com soluções conhecidas"
SEN-002,EC1,1,chemistry,Genérico,EC-ANALOG-0-20MS,kit EC/TDS analógico com eletrodo substituível,faixa útil deve cobrir 0-20mS/cm e saída até 3.3V,módulo na caixa seca,Mercado Livre/loja de robótica,VALIDAR,120,120,"não comprar sensor de solo; calibrar e comparar com medidor de referência"
SEN-003,TH1,1,climate,Genérico,DHT22-AM2302,sensor de temperatura e umidade do ar,3.3-5V e saída digital,pequena placa perfurada,Mercado Livre/loja de robótica,VALIDAR,35,35,"comparar por 24h com termohigrômetro e afastar de névoa direta"
SEN-004,LEAK1-LEAK2,2,safety,Genérico,LEAK-PROBE-DIGITAL,sensor de vazamento simples para o ponto mais baixo,saída digital compatível com 3.3V,bandeja/piso,Mercado Livre/AliExpress/loja de robótica,VALIDAR,10,20,"testar com água de baixa condutividade e solução; fio rompido deve ser detectado na inspeção"
SEN-005,FS1-FS2,2,hydraulic,Genérico,FLOAT-SWITCH-NO-NC,boias para nível mínimo e máximo,contato seco baixa tensão,reservatórios,Mercado Livre/loja de aquário,VALIDAR,15,30,"confirmar orientação NO/NC e material antes de furar a caixa"
MEC-001,T1-T2,2,hydraulic,Fornecedor local,CAIXA-ORGANIZADORA-40-50L,caixas plásticas com tampa para água e mistura,40-50L material lavável e sem trinca,prateleira inferior,loja de utilidades/Mercado Livre,VALIDAR,40,80,"medir volume útil e testar 24h somente com água fora da estante"
MEC-002,B1-B6,6,dosing,Fornecedor local,POTE-VIDRO-1L-COM-TAMPA,potes de vidro para concentrados,aproximadamente 1L com tampa íntegra,prateleira de dosagem,supermercado/loja de utilidades,VALIDAR,10,60,"verificar compatibilidade química e identificar cada tampa e linha"
MEC-003,RACK1,1,installation,Genérico,ESTANTE-ARAMADA-4-PRATELEIRAS,estante de arame cromado ou pintado,capacidade declarada acima da carga real,piso nivelado,loja local/Mercado Livre/OLX,VALIDAR,150,150,"somar massa cheia e usar trava antitombamento conforme o fabricante"
MEC-004,BP1,1,installation,Fornecedor local,MADEIRA-SELADA-6-10MM,fundo de madeira simples selada,dimensão compatível com a estante,fundo da estante,marcenaria/loja de material,PLANEJADO,30,30,"selar todas as faces e manter fora do caminho de vazamento"
HYD-001,TUBE1,1,dosing,Genérico,TUBO-PERISTALTICO-COMPATIVEL,tubo sobressalente para seis dosadoras,diâmetro conforme bomba e material conforme produto,nas bombas,Mercado Livre/AliExpress/loja técnica,VALIDAR,35,35,"confirmar diâmetro e compatibilidade por ficha do insumo"
HYD-002,PLUMB1,1,hydraulic,Genérico,KIT-TUBOS-CONEXOES-12V,tubos abraçadeiras registros e conexões para água,diâmetro conforme bombas e dreno sem estrangulamento,estante/cultivo,loja de aquário/irrigação/Mercado Livre,VALIDAR,70,70,"montar sem cola permanente até concluir teste de estanqueidade"
INST-001,WIRE1,1,installation,Genérico,KIT-FIOS-TERMINAIS-ETIQUETAS,fios terminais termo-retrátil abraçadeiras e etiquetas,bitola conforme corrente e comprimento,caixa/estante,loja elétrica/automotiva,PLANEJADO,35,35,"crimpar e testar tração; identificar as duas pontas"
INST-002,BOX1,1,installation,Genérico,CAIXA-PLASTICA-PROJETO,caixa fechada para ESP32 relés e MOSFETs,isolante e protegida contra respingo,zona seca,Mercado Livre/loja elétrica,PLANEJADO,25,25,"adicionar alívio de tração e manter bornes inacessíveis"
SAFE-001,STOP1,1,safety,Genérico,BOTAO-STOP-BAIXA-TENSAO,botão de parada local para entrada do ESP32,contato NF em baixa tensão,frente da caixa,Mercado Livre/loja elétrica,VALIDAR,15,15,"não é E-stop certificado; testar corte e rearme manual"
TOOL-001,CUP1,1,commissioning,Fornecedor local,COPO-GRADUADO-500ML,copo ou proveta para calibrar bombas,escala legível e uso exclusivo,bancada,loja de utilidades/laboratório,VALIDAR,20,20,"comparar marcações com volume conhecido antes da calibração"
SAFE-002,TRAY1,1,safety,Fornecedor local,BANDEJA-CONTENCAO,bandeja plástica sob reservatórios,maior que a base das caixas,prateleira inferior,loja de utilidades/material de construção,VALIDAR,40,40,"testar com água e posicionar sensores no ponto mais baixo"
CAL-001,CAL1,1,chemistry,Kits compatíveis,SOLUCOES-CALIBRACAO-PH-EC,soluções ou sachês para pH e EC,pH 4 e 7 mais padrão EC adequado,bancada,loja de aquário/laboratório/Mercado Livre,VALIDAR,40,40,"conferir validade lote e valor nominal; não reutilizar solução contaminada"
